0,1
Wrapped Ether (WETH),0x7ceB23fD6bC0adD59E62ac25578270cFf1b9f619
(PoS) Tether USD (USDT),0xc2132D05D31c914a87C6611C10748AEb04B58e8F
USD Coin (PoS) (USDC),0x2791Bca1f2de4661ED88A30C99A7a9449Aa84174
BNB (BNB),0x3BA4c387f786bFEE076A58914F5Bd38d668B42c3
binance-usd (BUSD),0xdAb529f40E671A1D4bF91361c21bf9f0C9712ab7
(PoS) Wrapped BTC (WBTC),0x1BFD67037B42Cf73acF2047067bd4F2C47D9BfD6
Wrapped UST Token (UST),0x692597b009d13C4049a947CAB2239b7d6517875F
(PoS) Dai Stablecoin (DAI),0x8f3Cf7ad23Cd3CaDbD9735AFf958023239c6A063
Bitfinex LEO Token (LEO),0x06D02e9D62A13fC76BB229373FB3BBBD1101D2fC
Cronos Coin (CRO),0xAdA58DF0F643D959C2A47c9D4d4c1a4deFe3F11C
Matic Token (MATIC),0x0000000000000000000000000000000000001010
ChainLink Token (LINK),0xb0897686c545045aFc77CF20eC7A532E3120E0F1
ChainLink Token (LINK),0x53E0bca35eC356BD5ddDFebbD1Fc0fD03FaBad39
Frax (FRAX),0x45c32fA6DF82ead1e2EF74d17b76547EDdFaFF89
Uniswap (PoS) (UNI),0xb33EaAd8d922B1083446DC23f610c2567fB5180f
SAND (SAND),0xBbba073C31bF03b8ACf7c28EF0738DeCF3695683
TrueUSD (TUSD),0x2e1AD108fF1D8C782fcBbB89AAd783aC49586756
Theta Token (PoS) (THETA),0xB46E0ae620EFd98516f49bb00263317096C114b2
Decentraland (MANA),0xA1c57f48F0Deb89f569dFbE6E2B7f46D33606fD4
HuobiToken (HT),0xFAD65Eb62a97fF5Ed91B23aFD039956aaCa6e93b
Maker (MKR),0x6f7C932e7684666C9fd1d44527765433e01fF61d
Paxos Standard (PAX),0x6F3B3286fd86d8b47EC737CEB3D0D354cc657B3e
Aave (PoS) (AAVE),0xD6DF932A45C0f255f85145f286eA0b292B21C90B
Graph Token (GRT),0x5fe2B58c013d7601147DcdD68C143A77499f5531
Fantom Token (FTM),0xC9c1c1c20B3658F8787CC2FD702267791f224Ce1
Frax Share (FXS),0x1a3acf6D19267E2d3e7f898f42803e90C9219062
Nexo (NEXO),0x41b3966B4FF7b427969ddf5da3627d6AEAE9a48E
Paxos Gold (PAXG),0x553d3D295e0f695B9228246232eDF400ed3560B5
Gnosis (GNO),0x5FFD62D3C3eE2E81C00A7b9079FB248e7dF024A8
Synthetix Network Token (PoS) (SNX),0x50B728D8D964fd00C2d0AAD81718b71311feF68a
BAT (BAT),0x3Cef98bb43d732E2F285eE605a8158cDE967D219
EnjinCoin (ENJ),0x7eC26842F195c852Fa843bB9f6D8B583a274a157
Amp (AMP),0x0621d647cecbFb64b79E44302c1933cB4f27054d
chiliZ (CHZ),0xf1938Ce12400f9a761084E7A80d37e732a4dA056
CRV (PoS) (CRV),0x172370d5Cd63279eFa6d502DAB29171933a610AF
LoopringCoin V2 (LRC),0x84e1670F61347CDaeD56dcc736FB990fBB47ddC1
(PoS) Compound (COMP),0x8505b9d2254A7Ae468c0E9dd10Ccea3A837aef5c
HoloToken (HOT),0x0C51f415cF478f8D08c246a6C6Ee180C5dC3A012
Wootrade Network (WOO),0x1B815d120B3eF02039Ee11dC2d33DE7aA4a8C603
HUSD (HUSD),0x2088C47Fc0c78356c622F79dBa4CbE1cCfA84A91
(PoS) yearn.finance (YFI),0xDA537104D6A5edd53c6fBba9A898708E465260b6
Bancor (BNT),0xc26D47d5c33aC71AC5CF9F776D63Ba292a4F7842
OMG Network (OMG),0x62414D03084EeB269E18C970a21f45D2967F0170
1INCH Token (1INCH),0x9c2C5fd7b07E95EE044DDeba0E97a665F142394f
Livepeer Token (LPT),0x3962F4A0A0051DccE0be73A7e09cEf5756736712
Serum (SRM),0x6Bf2eb299E51Fc5DF30Dec81D9445dDe70e3F185
Gemini dollar (GUSD),0xC8A94a3d3D2dabC3C1CaffFFDcA6A7543c3e3e65
Synapse (SYN),0xf8F9efC0db77d8881500bb06FF5D6ABc3070E695
Rocket Pool (RPL),0x7205705771547cF79201111B4bd8aaF29467b9eC
miMATIC (miMATIC),0xa3Fa99A148fA48D14Ed51d610c367C61876997F1
ZRX (ZRX),0x5559Edb74751A0edE9DeA4DC23aeE72cCA6bE3D5
Polymath (POLY),0xcB059C5573646047D6d88dDdb87B745C18161d3b
Swipe (SXP),0x6aBB753C1893194DE4a83c6e8B4EadFc105Fd5f5
SushiToken (PoS) (SUSHI),0x0b3F868E0BE5597D5DB7fEB59E1CADBb0fdDa50a
IoTeX Network (IOTX),0xf6372cDb9c1d3674E83842e3800F2A62aC9F3C66
Dogelon (ELON),0xE0339c80fFDE91F3e20494Df88d4206D86024cdF
SwissBorg (CHSB),0x67Ce67ec4fCd4aCa0Fcb738dD080b2a21ff69D75
renBTC (renBTC),0xDBf31dF14B66535aF65AaC99C32e9eA844e14501
Golem Network Token (GLM),0x0B220b82F3eA3B7F6d9A1D8ab58930C064A2b5Bf
Render Token (RNDR),0x61299774020dA444Af134c82fa83E3810b309991
UMA Voting Token v1 (UMA),0x3066818837c5e6eD6601bd5a91B0762877A6B731
STASIS EURS Token (EURS),0xE111178A87A3BFf0c8d18DECBa5798827539Ae99
Kyber Network Crystal v2 (PoS) (KNC),0x1C954E8fe737F99f68Fa1CCda3e51ebDB291948C
Telcoin (TEL),0xdF7837DE1F2Fa4631D716CF2502f8b230F1dcc32
Ocean Token (OCEAN),0x282d8efCe846A88B159800bd4130ad77443Fa1A1
Orbs (ORBS),0x614389EaAE0A6821DC49062D56BDA3d9d45Fa2ff
KEEP Token (KEEP),0x42f37A1296b2981F7C3cAcEd84c5096b2Eb0C72C
Synth sUSD (sUSD),0xF81b4Bec6Ca8f9fe7bE01CA734F55B2b6e03A7a0
Energy Web Token Bridged (EWTB),0x43E4B063F96c33F0433863A927F5bad34bb4B03d
Fetch (FET),0x7583FEDDbceFA813dc18259940F76a02710A8905
Injective Token (INJ),0x4E8dc2149EaC3f3dEf36b1c281EA466338249371
Aavegotchi GHST Token (PoS) (GHST),0x385Eeac5cB85A38A9a07A70c73e0a3271CfB54A7
XY Oracle (XYO),0xd2507e7b5794179380673870d88B22F94da6abe0
Balancer (BAL),0x9a71012B13CA4d3D0Cdc72A177DF3ef03b0E76A3
Ankr Eth2 Reward Bearing Certificate (aETHc),0xC4e82BA0Fe6763cbE5E9CbCA0ba7cbD6F91C6018
Ankr Eth2 Reward Bearing Certificate (aETHc),0xC4e82BA0Fe6763cbE5E9CbCA0ba7cbD6F91C6018
PowerLedger (POWR),0x0AaB8DC887D34f00D50E19aee48371a941390d14
OriginToken (OGN),0xa63Beffd33AB3a2EfD92a39A7D2361CEE14cEbA8
BetProtocolToken (BEPRO),0x07CC1cC3628Cc1615120DF781eF9fc8EC2feAE09
Mask Network (MASK),0x2B9E7ccDF0F4e5B24757c1E1a80e311E34Cb10c7
SingularityNET Token (AGIX),0x190Eb8a183D22a4bdf278c6791b152228857c033
BandToken (BAND),0xA8b1E0764f85f53dfe21760e8AfE5446D82606ac
STAKE (STAKE),0xeb5c9e515629B725D3588A55E2a43964DcfdE8cA
Everipedia IQ (PoS) (IQ),0xB9638272aD6998708de56BBC0A290a1dE534a578
Orchid (OXT),0x9880e3dDA13c8e7D4804691A45160102d31F6060
FOX (FOX),0x65A05DB8322701724c197AF82C9CaE41195B0aA8
TORN Token (TORN),0x23fE1Ee2f536427B7e8aC02FB037A7f867037Fe8
RLC (RLC),0xbe662058e00849C3Eef2AC9664f37fEfdF2cdbFE
UniBright (UBT),0x7FBc10850caE055B27039aF31bD258430e714c62
USDK (USDK),0xD07A7FAc2857901E4bEC0D89bBDAe764723AAB86
Klima DAO (KLIMA),0x4e78011Ce80ee02d2c3e649Fb657E45898257815
FEGtoken (FEG),0xF391F574C63d9b8764B7a1F56D6383762E07B75B
EthLend (LEND),0x313d009888329C9d1cf4f75CA3f32566335bd604
beefy.finance (BIFI),0xFbdd194376de19a88118e84E279b977f165d01b8
Decentral Games (PoS) (DG),0xef938b6da8576a896f6E0321ef80996F4890f9c4
EverRise (RISE),0xC17c30e98541188614dF99239cABD40280810cA3
Decentral Games Governance (PoS) (xDG),0xc6480Da81151B2277761024599E8Db2Ad4C388C8
AIOZ Network (AIOZ),0xe2341718c6C0CbFa8e6686102DD8FbF4047a9e9B
Mainframe Token (MFT),0x91cA694d2B293f70Fe722fbA7d8A5259188959c3
Automata (PoS) (ATA),0x0df0f72EE0e5c9B7ca761ECec42754992B2Da5BF
